{"cameraMode":{"drawMode":0,"name":"Shaded","section":"Shading Mode"},"sceneLighting":false,"audioPlay":false,"sceneViewState":{"showFog":true,"showMaterialUpdate":true,"showSkybox":false,"showFlares":true,"showImageEffects":true,"showParticleSystems":true},"in2DMode":false,"pivot":{"x":0.0,"y":0.5621697306632996,"z":-0.026215076446533204},"rotation":{"x":0.011233430355787278,"y":-0.9372174143791199,"z":0.34732502698898318,"w":0.030332421883940698},"size":2.44478178024292,"orthographic":false}