{"cameraMode":{"drawMode":0,"name":"Shaded","section":"Shading Mode"},"sceneLighting":false,"audioPlay":false,"sceneViewState":{"showFog":true,"showMaterialUpdate":true,"showSkybox":false,"showFlares":true,"showImageEffects":true,"showParticleSystems":true},"in2DMode":false,"pivot":{"x":6.610000133514404,"y":1.1844879388809205,"z":6.670000076293945},"rotation":{"x":0.03624698147177696,"y":0.7528398633003235,"z":-0.041608065366744998,"w":0.6559113264083862},"size":5.972840309143066,"orthographic":false}