{"cameraMode":{"drawMode":0,"name":"Shaded","section":"Shading Mode"},"sceneLighting":false,"audioPlay":false,"sceneViewState":{"showFog":true,"showMaterialUpdate":true,"showSkybox":false,"showFlares":true,"showImageEffects":true,"showParticleSystems":true},"in2DMode":false,"pivot":{"x":260.77532958984377,"y":263.0758056640625,"z":-41.3817024230957},"rotation":{"x":-0.0021001575514674188,"y":-0.01744616962969303,"z":-0.0000224585546675371,"w":0.9998727440834045},"size":361.156982421875,"orthographic":false}