{"cameraMode":{"drawMode":0,"name":"Shaded","section":"Shading Mode"},"sceneLighting":true,"audioPlay":false,"sceneViewState":{"showFog":true,"showMaterialUpdate":true,"showSkybox":true,"showFlares":true,"showImageEffects":true,"showParticleSystems":true},"in2DMode":false,"pivot":{"x":-9.626995086669922,"y":2.4730491638183595,"z":-6.358020782470703},"rotation":{"x":-0.20934423804283143,"y":-0.005529070273041725,"z":0.0011405647965148092,"w":-0.9778610467910767},"size":200.05186462402345,"orthographic":false}