{"cameraMode":{"drawMode":0,"name":"Shaded","section":"Shading Mode"},"sceneLighting":false,"audioPlay":false,"sceneViewState":{"showFog":true,"showMaterialUpdate":true,"showSkybox":false,"showFlares":true,"showImageEffects":true,"showParticleSystems":true},"in2DMode":false,"pivot":{"x":231.40074157714845,"y":2304.288818359375,"z":18.692468643188478},"rotation":{"x":0.14792470633983613,"y":0.06669970601797104,"z":-0.010001370683312416,"w":0.986707866191864},"size":2.77858567237854,"orthographic":false}