{"cameraMode":{"drawMode":0,"name":"Shaded","section":"Shading Mode"},"sceneLighting":false,"audioPlay":false,"sceneViewState":{"showFog":true,"showMaterialUpdate":true,"showSkybox":false,"showFlares":true,"showImageEffects":true,"showParticleSystems":true},"in2DMode":false,"pivot":{"x":-4.6135969161987309,"y":0.12000000476837158,"z":-6.16996955871582},"rotation":{"x":0.043418340384960178,"y":0.6923589706420898,"z":-0.04180606082081795,"w":0.7190409302711487},"size":22.0,"orthographic":false}